,Symbol,Action,Expiry,Days To Expiry,Strike Price,Mid Price,Bid Price,Ask Price,Implied Volatility Rank,Earnings Date,Earnings Flag,Stock Price,Raw Return,Annualized Return,Distance To Strike
0,KOLD,Sell to Open,06/09/2023,31,$75.50,$9.10,$8.80,$9.40,1%,,N,$77.00,11.82%,143.79%,-1.95%
1,U,Sell to Open,06/09/2023,31,$28.00,$2.65,$2.53,$2.77,27%,05/10/2023,Y,$28.28,9.37%,114.01%,-0.99%
2,NAIL,Sell to Open,06/16/2023,38,$54.00,$4.75,$4.60,$4.90,5%,,N,$55.27,8.59%,84.78%,-2.3%
3,COIN,Sell to Open,06/09/2023,31,$58.00,$5.18,$5.10,$5.25,4%,08/08/2023,N,$60.21,8.59%,104.57%,-3.67%
4,TWLO,Sell to Open,06/09/2023,31,$55.00,$4.42,$4.30,$4.55,43%,05/09/2023,Y,$56.00,7.9%,96.14%,-1.79%
5,SOXL,Sell to Open,06/09/2023,31,$13.50,$1.08,$1.04,$1.11,2%,,N,$13.94,7.71%,93.82%,-3.16%
6,RUN,Sell to Open,06/09/2023,31,$16.50,$1.28,$1.23,$1.33,21%,08/02/2023,N,$16.81,7.61%,92.64%,-1.84%
7,KRE,Sell to Open,06/09/2023,31,$36.50,$2.78,$0.60,$4.95,57%,,N,$37.42,7.42%,90.23%,-2.46%
8,RBLX,Sell to Open,06/09/2023,31,$36.00,$2.64,$2.60,$2.69,11%,05/10/2023,Y,$36.19,7.31%,88.92%,-0.53%
9,JNUG,Sell to Open,06/09/2023,31,$45.50,$3.40,$3.20,$3.60,13%,,N,$46.64,7.29%,88.69%,-2.44%
10,MDB,Sell to Open,06/09/2023,31,$245.00,$18.10,$17.80,$18.40,34%,06/01/2023,Y,$250.28,7.23%,87.99%,-2.11%
11,CPRI,Sell to Open,06/16/2023,38,$37.50,$2.72,$2.70,$2.75,38%,05/31/2023,Y,$37.28,6.72%,66.29%,0.59%
12,VXX,Sell to Open,06/09/2023,31,$38.00,$2.62,$0.43,$4.80,28%,,N,$39.03,6.7%,81.52%,-2.64%
13,TTD,Sell to Open,06/09/2023,31,$62.00,$4.20,$4.05,$4.35,25%,05/10/2023,Y,$64.12,6.55%,79.69%,-3.31%
14,ANF,Sell to Open,06/09/2023,31,$23.00,$1.50,$1.40,$1.60,35%,05/24/2023,Y,$23.44,6.4%,77.86%,-1.88%
15,FAS,Sell to Open,06/09/2023,31,$56.50,$3.55,$3.30,$3.80,17%,,N,$57.11,6.22%,75.63%,-1.07%
16,NUGT,Sell to Open,06/09/2023,31,$48.00,$3.05,$2.90,$3.20,14%,,N,$49.15,6.21%,75.5%,-2.34%
17,PDD,Sell to Open,06/09/2023,31,$60.00,$3.78,$3.65,$3.90,25%,05/25/2023,Y,$61.41,6.15%,74.79%,-2.3%
18,LI,Sell to Open,06/09/2023,31,$24.50,$1.52,$1.47,$1.57,10%,05/10/2023,Y,$24.77,6.14%,74.66%,-1.09%
19,FUTU,Sell to Open,06/09/2023,31,$42.00,$2.60,$2.46,$2.75,11%,05/18/2023,Y,$42.64,6.11%,74.33%,-1.5%
20,DOCU,Sell to Open,06/09/2023,31,$48.00,$3.02,$2.94,$3.10,24%,06/09/2023,N,$49.43,6.11%,74.33%,-2.89%
21,UCO,Sell to Open,06/09/2023,31,$24.50,$1.50,$1.40,$1.60,14%,,N,$24.87,6.03%,73.38%,-1.49%
22,PLTR,Sell to Open,06/09/2023,31,$9.50,$0.57,$0.55,$0.60,61%,,N,$9.55,6.02%,73.25%,-0.52%
23,SE,Sell to Open,06/09/2023,31,$82.00,$5.03,$4.90,$5.15,18%,05/16/2023,Y,$84.00,5.98%,72.78%,-2.38%
24,FSLY,Sell to Open,06/09/2023,31,$12.00,$0.74,$0.70,$0.77,0%,08/02/2023,N,$12.31,5.97%,72.64%,-2.52%
25,AGQ,Sell to Open,06/16/2023,38,$34.00,$2.08,$2.00,$2.15,33%,,N,$34.89,5.95%,58.67%,-2.55%
26,SOFI,Sell to Open,06/09/2023,31,$5.50,$0.41,$0.39,$0.43,9%,08/01/2023,N,$5.41,5.91%,71.97%,1.66%
27,ZM,Sell to Open,06/09/2023,31,$62.00,$3.68,$3.55,$3.80,25%,05/22/2023,Y,$63.56,5.78%,70.35%,-2.45%
28,TQQQ,Sell to Open,06/09/2023,31,$27.50,$1.61,$1.59,$1.63,0%,,N,$27.89,5.77%,70.23%,-1.4%
29,BILL,Sell to Open,06/09/2023,31,$95.00,$5.55,$5.30,$5.80,0%,08/17/2023,N,$96.31,5.76%,70.11%,-1.36%
30,ZS,Sell to Open,06/09/2023,31,$108.00,$6.32,$6.15,$6.50,27%,06/01/2023,Y,$110.04,5.75%,69.93%,-1.86%
31,SNOW,Sell to Open,06/09/2023,31,$160.00,$9.30,$9.05,$9.55,18%,05/24/2023,Y,$163.87,5.68%,69.05%,-2.36%
32,TMV,Sell to Open,06/16/2023,38,$113.00,$6.55,$6.30,$6.80,16%,,N,$115.79,5.66%,55.8%,-2.41%
33,MTB,Sell to Open,06/16/2023,38,$115.00,$6.55,$6.40,$6.70,61%,07/19/2023,N,$116.73,5.61%,55.35%,-1.48%
34,TDOC,Sell to Open,06/09/2023,31,$25.00,$1.40,$1.32,$1.48,1%,07/26/2023,N,$25.07,5.58%,67.94%,-0.28%
35,CAR,Sell to Open,06/09/2023,31,$160.00,$8.95,$8.70,$9.20,13%,07/31/2023,N,$161.41,5.54%,67.46%,-0.87%
36,OKTA,Sell to Open,06/09/2023,31,$74.00,$4.20,$4.00,$4.40,27%,05/31/2023,Y,$76.03,5.52%,67.21%,-2.67%
37,M,Sell to Open,06/09/2023,31,$14.50,$0.82,$0.78,$0.86,34%,06/01/2023,Y,$15.00,5.47%,66.51%,-3.33%
38,BURL,Sell to Open,06/09/2023,31,$175.00,$9.45,$9.00,$9.90,29%,05/25/2023,Y,$175.40,5.39%,65.55%,-0.23%
39,NCLH,Sell to Open,06/09/2023,31,$14.00,$0.76,$0.73,$0.78,5%,08/08/2023,N,$14.11,5.35%,65.1%,-0.78%
40,ABNB,Sell to Open,06/09/2023,31,$125.00,$6.72,$6.45,$7.00,30%,05/09/2023,Y,$127.07,5.29%,64.39%,-1.63%
41,ROKU,Sell to Open,06/09/2023,31,$54.00,$2.92,$2.85,$3.00,2%,07/27/2023,N,$55.42,5.28%,64.21%,-2.56%
42,NET,Sell to Open,06/09/2023,31,$46.00,$2.46,$2.38,$2.55,2%,08/03/2023,N,$47.15,5.23%,63.61%,-2.44%
43,TNA,Sell to Open,06/09/2023,31,$28.50,$1.51,$1.07,$1.95,12%,,N,$28.99,5.21%,63.37%,-1.69%
44,CLF,Sell to Open,06/09/2023,31,$15.00,$0.78,$0.76,$0.80,11%,07/21/2023,N,$15.04,5.19%,63.1%,-0.27%
45,EXAS,Sell to Open,06/02/2023,24,$69.00,$3.68,$2.45,$4.90,11%,05/09/2023,Y,$71.00,5.18%,82.14%,-2.82%
46,AR,Sell to Open,06/09/2023,31,$21.00,$1.08,$1.05,$1.12,9%,07/26/2023,N,$21.10,5.14%,62.56%,-0.47%
47,JD,Sell to Open,06/09/2023,31,$35.00,$1.83,$1.81,$1.85,21%,05/11/2023,Y,$35.62,5.14%,62.51%,-1.74%
48,RH,Sell to Open,06/09/2023,31,$260.00,$13.50,$13.10,$13.90,25%,06/01/2023,Y,$262.72,5.14%,62.52%,-1.04%
49,CRWD,Sell to Open,06/09/2023,31,$127.00,$6.62,$6.50,$6.75,27%,05/31/2023,Y,$129.94,5.1%,62.03%,-2.26%
50,APA,Sell to Open,06/09/2023,31,$33.00,$1.68,$1.64,$1.72,15%,08/02/2023,N,$33.16,5.07%,61.64%,-0.48%
51,DKNG,Sell to Open,06/09/2023,31,$24.00,$1.23,$1.17,$1.29,2%,08/04/2023,N,$24.38,5.05%,61.38%,-1.56%
52,CZR,Sell to Open,06/09/2023,31,$45.00,$2.28,$2.22,$2.34,7%,08/01/2023,N,$45.42,5.02%,61.07%,-0.92%
53,AMR,Sell to Open,06/16/2023,38,$155.00,$8.00,$7.70,$8.30,6%,,N,$159.87,5%,49.36%,-3.05%
54,ENPH,Sell to Open,06/09/2023,31,$155.00,$7.88,$7.75,$8.00,1%,07/25/2023,N,$157.83,4.99%,60.71%,-1.79%
55,TZA,Sell to Open,06/09/2023,31,$32.50,$1.68,$1.24,$2.13,13%,,N,$33.79,4.99%,60.67%,-3.82%
56,SQQQ,Sell to Open,06/09/2023,31,$28.50,$1.44,$1.35,$1.53,0%,,N,$29.20,4.93%,60%,-2.4%
57,AA,Sell to Open,06/09/2023,31,$36.00,$1.80,$1.75,$1.84,11%,07/19/2023,N,$36.51,4.92%,59.82%,-1.4%
58,SEDG,Sell to Open,06/09/2023,31,$280.00,$14.00,$13.60,$14.40,7%,08/01/2023,N,$286.26,4.89%,59.5%,-2.19%
59,DDOG,Sell to Open,06/09/2023,31,$78.00,$3.85,$3.70,$4.00,2%,08/09/2023,N,$79.59,4.84%,58.85%,-2%
60,BTU,Sell to Open,06/09/2023,31,$23.00,$1.11,$1.05,$1.17,2%,07/27/2023,N,$23.18,4.79%,58.26%,-0.78%
61,HAL,Sell to Open,06/09/2023,31,$30.00,$1.42,$1.38,$1.47,19%,07/25/2023,N,$30.10,4.73%,57.6%,-0.33%
62,MOS,Sell to Open,06/09/2023,31,$37.00,$1.74,$1.65,$1.83,19%,07/31/2023,N,$37.17,4.68%,56.95%,-0.46%
63,UDOW,Sell to Open,06/16/2023,38,$55.00,$2.62,$2.55,$2.70,9%,,N,$56.34,4.66%,45.96%,-2.38%
64,YETI,Sell to Open,06/09/2023,31,$42.00,$2.00,$1.85,$2.15,29%,05/11/2023,Y,$43.04,4.65%,56.54%,-2.42%
65,SPXS,Sell to Open,06/09/2023,31,$17.50,$0.82,$0.79,$0.85,5%,,N,$17.65,4.65%,56.53%,-0.85%
66,EQT,Sell to Open,06/09/2023,31,$32.00,$1.50,$1.46,$1.54,16%,07/26/2023,N,$32.32,4.64%,56.47%,-0.99%
67,TCOM,Sell to Open,06/16/2023,38,$32.00,$1.50,$1.45,$1.55,6%,05/17/2023,Y,$32.48,4.62%,45.56%,-1.48%
68,SAIA,Sell to Open,06/16/2023,38,$280.00,$13.10,$12.80,$13.40,7%,07/27/2023,N,$284.06,4.61%,45.49%,-1.43%
69,HRB,Sell to Open,06/16/2023,38,$32.00,$1.50,$1.45,$1.55,42%,05/09/2023,Y,$32.76,4.58%,45.17%,-2.32%
70,TEAM,Sell to Open,06/09/2023,31,$130.00,$6.10,$5.80,$6.40,7%,08/10/2023,N,$133.15,4.58%,55.74%,-2.37%
71,MRVL,Sell to Open,06/09/2023,31,$39.00,$1.81,$1.77,$1.85,13%,05/25/2023,Y,$39.99,4.53%,55.07%,-2.48%
72,PENN,Sell to Open,06/09/2023,31,$26.00,$1.19,$1.12,$1.26,15%,08/03/2023,N,$26.37,4.51%,54.9%,-1.4%
73,SPLK,Sell to Open,06/09/2023,31,$83.00,$3.82,$3.70,$3.95,23%,05/24/2023,Y,$84.88,4.51%,54.83%,-2.21%
74,ETSY,Sell to Open,06/09/2023,31,$91.00,$4.15,$4.00,$4.30,0%,07/26/2023,N,$92.71,4.48%,54.46%,-1.84%
75,AEM,Sell to Open,06/16/2023,38,$60.00,$2.72,$2.65,$2.80,18%,07/26/2023,N,$59.95,4.46%,44.02%,0.08%
76,SLB,Sell to Open,06/09/2023,31,$47.00,$2.08,$2.02,$2.15,49%,07/21/2023,N,$47.17,4.42%,53.78%,-0.36%
77,BABA,Sell to Open,06/09/2023,31,$81.00,$3.62,$3.55,$3.70,9%,05/18/2023,Y,$82.22,4.41%,53.64%,-1.48%
78,FLEX,Sell to Open,06/16/2023,38,$21.00,$1.00,$0.95,$1.05,37%,05/10/2023,Y,$20.92,4.4%,43.38%,0.38%
79,SQ,Sell to Open,06/09/2023,31,$58.00,$2.61,$2.52,$2.70,0%,08/03/2023,N,$59.32,4.4%,53.53%,-2.23%
80,NVDA,Sell to Open,06/09/2023,31,$280.00,$12.55,$12.10,$13.00,22%,05/24/2023,Y,$285.71,4.39%,53.44%,-2%
81,DASH,Sell to Open,06/09/2023,31,$66.00,$2.94,$2.84,$3.05,0%,08/03/2023,N,$67.30,4.38%,53.24%,-1.93%
82,SCHW,Sell to Open,06/09/2023,31,$47.00,$2.08,$2.00,$2.16,26%,07/18/2023,N,$47.94,4.34%,52.79%,-1.96%
83,GNRC,Sell to Open,06/09/2023,31,$109.00,$4.85,$4.60,$5.10,8%,08/02/2023,N,$111.77,4.34%,52.79%,-2.48%
84,WSM,Sell to Open,06/09/2023,31,$114.00,$5.00,$4.60,$5.40,21%,05/24/2023,Y,$115.17,4.34%,52.82%,-1.02%
85,DKS,Sell to Open,06/09/2023,31,$139.00,$6.10,$5.70,$6.50,25%,05/23/2023,Y,$141.05,4.32%,52.62%,-1.45%
86,SPXL,Sell to Open,06/09/2023,31,$71.50,$3.15,$3.00,$3.30,6%,,N,$72.84,4.32%,52.62%,-1.84%
87,UPRO,Sell to Open,06/09/2023,31,$37.50,$1.65,$1.60,$1.70,6%,,N,$38.34,4.3%,52.36%,-2.19%
88,PARA,Sell to Open,06/09/2023,31,$16.00,$0.70,$0.67,$0.73,34%,08/03/2023,N,$16.53,4.23%,51.52%,-3.21%
89,CF,Sell to Open,06/09/2023,31,$67.00,$2.85,$2.70,$3.00,16%,08/02/2023,N,$67.79,4.2%,51.15%,-1.17%
90,MCHP,Sell to Open,06/16/2023,38,$72.50,$3.03,$2.95,$3.10,6%,08/01/2023,N,$72.71,4.16%,41.04%,-0.29%
91,CROX,Sell to Open,06/09/2023,31,$114.00,$4.85,$4.60,$5.10,9%,07/27/2023,N,$116.91,4.15%,50.47%,-2.49%
92,SHOP,Sell to Open,06/09/2023,31,$62.00,$2.64,$2.60,$2.69,1%,07/26/2023,N,$63.89,4.14%,50.37%,-2.96%
93,FIS,Sell to Open,06/16/2023,38,$55.00,$2.28,$2.15,$2.40,22%,08/03/2023,N,$55.65,4.09%,40.33%,-1.17%
94,TSLA,Sell to Open,06/09/2023,31,$165.00,$6.88,$6.75,$7.00,3%,07/19/2023,N,$169.15,4.06%,49.45%,-2.45%
95,TGT,Sell to Open,06/09/2023,31,$155.00,$6.38,$6.25,$6.50,51%,05/17/2023,Y,$157.42,4.05%,49.27%,-1.54%
96,NUE,Sell to Open,06/09/2023,31,$140.00,$5.65,$5.50,$5.80,15%,07/20/2023,N,$140.17,4.03%,49.04%,-0.12%
97,MRO,Sell to Open,06/09/2023,31,$22.50,$0.92,$0.89,$0.95,14%,08/02/2023,N,$22.90,4.02%,48.88%,-1.75%
98,STLD,Sell to Open,06/16/2023,38,$95.00,$3.90,$3.80,$4.00,22%,07/19/2023,N,$97.52,4%,39.45%,-2.58%
99,CMC,Sell to Open,06/16/2023,38,$44.00,$1.78,$1.70,$1.85,14%,06/22/2023,N,$44.35,4%,39.48%,-0.79%
100,DLR,Sell to Open,06/16/2023,38,$95.00,$3.85,$3.70,$4.00,52%,07/27/2023,N,$96.61,3.99%,39.31%,-1.67%
101,UAL,Sell to Open,06/09/2023,31,$46.00,$1.84,$1.79,$1.89,13%,07/19/2023,N,$46.36,3.97%,48.29%,-0.78%
102,NTES,Sell to Open,06/16/2023,38,$85.00,$3.45,$3.30,$3.60,8%,05/25/2023,Y,$87.33,3.95%,38.97%,-2.67%
103,Z,Sell to Open,06/09/2023,31,$47.00,$1.88,$1.80,$1.95,2%,08/03/2023,N,$47.49,3.95%,48.04%,-1.03%
104,FSLR,Sell to Open,06/09/2023,31,$175.00,$7.02,$6.85,$7.20,3%,07/27/2023,N,$178.00,3.95%,48.02%,-1.69%
105,MPC,Sell to Open,06/09/2023,31,$110.00,$4.35,$4.25,$4.45,24%,08/01/2023,N,$110.94,3.92%,47.71%,-0.85%
106,PXD,Sell to Open,06/09/2023,31,$210.00,$8.25,$7.60,$8.90,21%,08/01/2023,N,$211.24,3.91%,47.52%,-0.59%
107,BIDU,Sell to Open,06/09/2023,31,$115.00,$4.68,$4.60,$4.75,17%,05/16/2023,Y,$119.48,3.91%,47.61%,-3.75%
108,QLD,Sell to Open,06/16/2023,38,$48.00,$1.92,$1.85,$2.00,0%,,N,$49.35,3.9%,38.48%,-2.74%
109,KBH,Sell to Open,06/16/2023,38,$45.00,$1.75,$1.70,$1.80,4%,06/21/2023,N,$45.01,3.89%,38.35%,-0.02%
110,KMX,Sell to Open,06/09/2023,31,$72.00,$2.82,$2.70,$2.95,11%,06/23/2023,N,$72.53,3.89%,47.39%,-0.73%
111,RCL,Sell to Open,06/09/2023,31,$75.00,$2.98,$2.86,$3.10,8%,07/27/2023,N,$76.96,3.87%,47.11%,-2.55%
112,KWEB,Sell to Open,06/09/2023,31,$26.50,$1.04,$0.99,$1.08,6%,,N,$26.77,3.87%,47.04%,-1.01%
113,QRVO,Sell to Open,06/16/2023,38,$92.50,$3.60,$3.50,$3.70,0%,08/02/2023,N,$93.14,3.87%,38.13%,-0.69%
114,EWZ,Sell to Open,06/09/2023,31,$28.50,$1.12,$1.03,$1.22,20%,,N,$29.04,3.87%,47.13%,-1.86%
115,MGA,Sell to Open,06/16/2023,38,$52.50,$2.05,$1.75,$2.35,8%,08/04/2023,N,$53.13,3.86%,38.06%,-1.19%
116,SWK,Sell to Open,06/16/2023,38,$80.00,$3.15,$3.00,$3.30,12%,08/03/2023,N,$81.71,3.86%,38.03%,-2.09%
117,ON,Sell to Open,06/09/2023,31,$77.00,$3.03,$2.95,$3.10,6%,07/31/2023,N,$78.81,3.84%,46.7%,-2.3%
118,X,Sell to Open,06/09/2023,31,$21.00,$0.83,$0.80,$0.86,12%,07/27/2023,N,$21.59,3.84%,46.77%,-2.73%
119,OIH,Sell to Open,06/09/2023,31,$260.00,$10.10,$9.80,$10.40,15%,,N,$263.13,3.84%,46.7%,-1.19%
120,SHAK,Sell to Open,06/09/2023,31,$65.00,$2.52,$2.30,$2.75,1%,08/03/2023,N,$65.96,3.83%,46.57%,-1.46%
121,CRM,Sell to Open,06/09/2023,31,$200.00,$7.68,$7.55,$7.80,31%,05/31/2023,Y,$201.18,3.81%,46.42%,-0.59%
122,APTV,Sell to Open,06/16/2023,38,$92.50,$3.55,$3.40,$3.70,10%,08/03/2023,N,$93.37,3.8%,37.51%,-0.93%
123,AMD,Sell to Open,06/09/2023,31,$93.00,$3.60,$3.55,$3.65,11%,08/01/2023,N,$95.06,3.79%,46.08%,-2.17%
124,ALB,Sell to Open,06/09/2023,31,$190.00,$7.35,$7.00,$7.70,20%,08/02/2023,N,$195.17,3.77%,45.82%,-2.65%
125,ADSK,Sell to Open,06/09/2023,31,$190.00,$7.25,$6.90,$7.60,28%,05/25/2023,Y,$192.73,3.76%,45.77%,-1.42%
126,XOP,Sell to Open,06/09/2023,31,$119.00,$4.50,$4.40,$4.60,16%,,N,$120.00,3.75%,45.62%,-0.83%
127,COP,Sell to Open,06/09/2023,31,$101.00,$3.80,$3.70,$3.90,13%,08/03/2023,N,$101.53,3.74%,45.54%,-0.52%
128,MTCH,Sell to Open,06/09/2023,31,$31.00,$1.19,$1.15,$1.24,0%,08/01/2023,N,$31.91,3.74%,45.56%,-2.85%
129,GM,Sell to Open,06/09/2023,31,$33.00,$1.24,$1.21,$1.27,17%,07/25/2023,N,$33.28,3.73%,45.33%,-0.84%
130,TTWO,Sell to Open,06/09/2023,31,$122.00,$4.65,$4.50,$4.80,40%,05/17/2023,Y,$124.60,3.73%,45.41%,-2.09%
131,AMAT,Sell to Open,06/09/2023,31,$112.00,$4.25,$4.15,$4.35,9%,05/18/2023,Y,$113.84,3.73%,45.42%,-1.62%
132,MELI,Sell to Open,06/09/2023,31,"$1,220.00",$46.60,$41.80,$51.40,1%,08/02/2023,N,"$1,248.05",3.73%,45.43%,-2.25%
133,PSX,Sell to Open,06/09/2023,31,$93.00,$3.50,$3.40,$3.60,14%,07/28/2023,N,$93.98,3.72%,45.31%,-1.04%
134,PNC,Sell to Open,06/09/2023,31,$114.00,$4.30,$4.00,$4.60,41%,07/18/2023,N,$115.70,3.72%,45.22%,-1.47%
135,HES,Sell to Open,06/09/2023,31,$135.00,$5.05,$4.70,$5.40,14%,07/26/2023,N,$136.16,3.71%,45.12%,-0.85%
136,MDC,Sell to Open,06/16/2023,38,$41.00,$1.52,$1.45,$1.60,18%,07/27/2023,N,$41.07,3.71%,36.63%,-0.17%
137,LYV,Sell to Open,06/16/2023,38,$77.50,$2.88,$2.80,$2.95,0%,08/03/2023,N,$77.63,3.7%,36.53%,-0.17%
138,FANG,Sell to Open,06/16/2023,38,$130.00,$4.90,$4.80,$5.00,15%,07/31/2023,N,$132.91,3.69%,36.37%,-2.19%
139,UBER,Sell to Open,06/09/2023,31,$38.00,$1.41,$1.37,$1.45,3%,08/01/2023,N,$38.19,3.69%,44.92%,-0.5%
140,URI,Sell to Open,06/09/2023,31,$335.00,$12.55,$11.80,$13.30,42%,07/26/2023,N,$340.67,3.68%,44.82%,-1.66%
141,SPG,Sell to Open,06/16/2023,38,$105.00,$3.90,$3.80,$4.00,22%,07/31/2023,N,$106.49,3.66%,36.13%,-1.4%
142,ARKK,Sell to Open,06/09/2023,31,$37.50,$1.40,$1.37,$1.42,0%,,N,$38.25,3.65%,44.37%,-1.96%
143,COF,Sell to Open,06/09/2023,31,$87.00,$3.25,$3.10,$3.40,35%,07/20/2023,N,$89.01,3.65%,44.42%,-2.26%
144,HUBS,Sell to Open,06/09/2023,31,$435.00,$16.25,$12.40,$20.10,3%,08/02/2023,N,$447.73,3.63%,44.16%,-2.84%
145,PINS,Sell to Open,06/09/2023,31,$21.00,$0.77,$0.74,$0.80,2%,07/31/2023,N,$21.47,3.59%,43.63%,-2.19%
146,MDT,Sell to Open,06/09/2023,31,$89.00,$3.22,$1.88,$4.55,49%,05/25/2023,Y,$89.60,3.59%,43.66%,-0.67%
147,PRU,Sell to Open,06/16/2023,38,$80.00,$2.92,$2.85,$3.00,29%,08/01/2023,N,$81.50,3.59%,35.4%,-1.84%
148,MRNA,Sell to Open,06/09/2023,31,$130.00,$4.78,$4.60,$4.95,1%,08/03/2023,N,$133.77,3.57%,43.43%,-2.82%
149,EOG,Sell to Open,06/09/2023,31,$113.00,$4.05,$3.90,$4.20,13%,08/03/2023,N,$113.77,3.56%,43.31%,-0.68%
150,LULU,Sell to Open,06/09/2023,31,$375.00,$13.50,$13.15,$13.85,30%,06/01/2023,Y,$381.44,3.54%,43.06%,-1.69%
151,WDC,Sell to Open,06/09/2023,31,$33.00,$1.18,$1.12,$1.25,32%,,N,$33.60,3.53%,42.91%,-1.79%
152,MASI,Sell to Open,06/16/2023,38,$180.00,$6.45,$6.20,$6.70,33%,05/09/2023,Y,$184.25,3.5%,34.53%,-2.31%
153,VEEV,Sell to Open,06/16/2023,38,$170.00,$6.10,$5.90,$6.30,22%,05/31/2023,Y,$175.23,3.48%,34.34%,-2.98%
154,H,Sell to Open,06/16/2023,38,$120.00,$5.05,$4.80,$5.30,17%,08/08/2023,N,$119.08,3.47%,34.21%,0.77%
155,BBY,Sell to Open,06/09/2023,31,$71.00,$2.52,$2.43,$2.61,21%,05/25/2023,Y,$72.65,3.47%,42.2%,-2.27%
156,QDEL,Sell to Open,06/16/2023,38,$85.00,$2.98,$2.85,$3.10,1%,08/03/2023,N,$86.09,3.46%,34.09%,-1.27%
157,WDAY,Sell to Open,06/09/2023,31,$175.00,$6.18,$5.85,$6.50,21%,05/25/2023,Y,$178.43,3.46%,42.11%,-1.92%
158,BP,Sell to Open,06/09/2023,31,$37.00,$1.28,$1.25,$1.32,12%,08/01/2023,N,$36.99,3.45%,41.94%,0.03%
159,WYNN,Sell to Open,06/09/2023,31,$110.00,$3.85,$3.70,$4.00,7%,05/09/2023,Y,$111.70,3.45%,41.94%,-1.52%
160,LRCX,Sell to Open,06/09/2023,31,$510.00,$17.77,$17.10,$18.45,5%,07/26/2023,N,$515.77,3.45%,41.93%,-1.12%
161,BX,Sell to Open,06/09/2023,31,$80.00,$2.81,$2.68,$2.94,21%,07/20/2023,N,$81.63,3.44%,41.88%,-2%
162,VLO,Sell to Open,06/02/2023,24,$110.00,$5.32,$5.20,$5.45,18%,07/27/2023,N,$108.40,3.44%,54.53%,1.48%
163,EXPE,Sell to Open,06/09/2023,31,$92.00,$3.20,$3.10,$3.30,0%,08/03/2023,N,$93.26,3.43%,41.75%,-1.35%
164,OXY,Sell to Open,06/09/2023,31,$58.00,$2.02,$1.95,$2.10,8%,05/09/2023,Y,$58.96,3.43%,41.79%,-1.63%
165,ULTA,Sell to Open,06/09/2023,31,$505.00,$17.45,$16.80,$18.10,34%,05/25/2023,Y,$509.09,3.43%,41.7%,-0.8%
166,COPX,Sell to Open,06/16/2023,38,$40.00,$1.38,$1.30,$1.45,4%,,N,$40.26,3.42%,33.69%,-0.65%
167,INTC,Sell to Open,06/09/2023,31,$30.00,$1.02,$0.99,$1.06,15%,07/27/2023,N,$30.10,3.41%,41.43%,-0.33%
168,HL,Sell to Open,06/09/2023,31,$6.50,$0.56,$0.44,$0.68,6%,05/10/2023,Y,$6.15,3.41%,41.54%,5.69%
169,DAL,Sell to Open,06/09/2023,31,$34.00,$1.16,$1.13,$1.20,14%,07/12/2023,N,$34.20,3.41%,41.44%,-0.58%
170,HOG,Sell to Open,06/09/2023,31,$35.00,$1.20,$1.10,$1.30,14%,07/27/2023,N,$35.41,3.39%,41.23%,-1.16%
171,HAS,Sell to Open,06/16/2023,38,$60.00,$2.38,$2.30,$2.45,29%,07/18/2023,N,$59.65,3.39%,33.49%,0.59%
172,DIS,Sell to Open,06/09/2023,31,$101.00,$3.45,$3.40,$3.50,25%,05/10/2023,Y,$102.18,3.38%,41.08%,-1.15%
173,SAP,Sell to Open,06/16/2023,38,$135.00,$4.85,$4.70,$5.00,11%,07/20/2023,N,$134.68,3.36%,33.18%,0.24%
174,DLTR,Sell to Open,06/09/2023,31,$152.50,$5.20,$5.05,$5.35,35%,05/25/2023,Y,$155.17,3.35%,40.77%,-1.72%
175,DFS,Sell to Open,06/09/2023,31,$95.00,$3.22,$2.95,$3.50,31%,07/19/2023,N,$96.69,3.34%,40.58%,-1.75%
176,AIG,Sell to Open,06/09/2023,31,$53.00,$1.78,$1.65,$1.90,30%,08/08/2023,N,$53.10,3.34%,40.67%,-0.19%
177,SARK,Sell to Open,06/09/2023,31,$41.00,$1.40,$1.25,$1.55,0%,,N,$41.96,3.34%,40.59%,-2.29%
178,CMI,Sell to Open,06/16/2023,38,$220.00,$7.35,$7.20,$7.50,33%,08/01/2023,N,$221.04,3.33%,32.8%,-0.47%
179,INTU,Sell to Open,06/09/2023,31,$420.00,$14.25,$13.60,$14.90,23%,05/23/2023,Y,$427.68,3.33%,40.54%,-1.8%
180,SPXU,Sell to Open,06/09/2023,31,$13.00,$0.44,$0.41,$0.48,4%,,N,$13.43,3.31%,40.31%,-3.2%
181,HIG,Sell to Open,06/16/2023,38,$70.00,$2.33,$2.20,$2.45,38%,07/27/2023,N,$70.45,3.3%,32.56%,-0.64%
182,SU,Sell to Open,06/09/2023,31,$29.00,$0.98,$0.91,$1.04,26%,,N,$29.66,3.29%,39.99%,-2.23%
183,FNV,Sell to Open,06/16/2023,38,$160.00,$5.25,$5.00,$5.50,9%,08/09/2023,N,$160.42,3.27%,32.28%,-0.26%
184,ROST,Sell to Open,06/09/2023,31,$102.00,$3.40,$3.30,$3.50,34%,05/18/2023,Y,$104.08,3.27%,39.75%,-2%
185,PANW,Sell to Open,06/09/2023,31,$190.00,$6.40,$6.25,$6.55,33%,05/23/2023,Y,$195.84,3.27%,39.76%,-2.98%
186,STT,Sell to Open,06/16/2023,38,$67.50,$2.25,$2.15,$2.35,19%,07/14/2023,N,$68.98,3.26%,32.18%,-2.15%
187,PYPL,Sell to Open,06/09/2023,31,$65.00,$2.15,$2.11,$2.19,27%,,N,$65.90,3.26%,39.69%,-1.37%
188,VDE,Sell to Open,06/16/2023,38,$110.00,$3.60,$3.30,$3.90,17%,,N,$110.56,3.26%,32.12%,-0.51%
189,GDX,Sell to Open,06/09/2023,31,$35.00,$1.14,$1.10,$1.19,13%,,N,$35.25,3.25%,39.52%,-0.71%
190,SPOT,Sell to Open,06/09/2023,31,$141.00,$4.65,$4.50,$4.80,4%,07/26/2023,N,$143.70,3.24%,39.37%,-1.88%
191,EL,Sell to Open,06/16/2023,38,$200.00,$6.50,$6.40,$6.60,4%,08/18/2023,N,$201.26,3.23%,31.86%,-0.63%
192,MU,Sell to Open,06/09/2023,31,$60.00,$1.96,$1.91,$2.01,3%,06/29/2023,N,$60.93,3.22%,39.14%,-1.53%
193,AGNC,Sell to Open,06/09/2023,31,$9.50,$0.44,$0.40,$0.48,13%,07/24/2023,N,$9.36,3.21%,39%,1.5%
194,WHR,Sell to Open,06/09/2023,31,$134.00,$4.35,$4.10,$4.60,9%,07/24/2023,N,$135.94,3.2%,38.93%,-1.43%
195,TBT,Sell to Open,06/09/2023,31,$29.00,$0.94,$0.91,$0.97,15%,,N,$29.47,3.19%,38.81%,-1.59%
196,MGM,Sell to Open,06/09/2023,31,$43.00,$1.38,$1.33,$1.44,3%,08/02/2023,N,$43.39,3.19%,38.84%,-0.9%
197,MT,Sell to Open,06/09/2023,31,$27.00,$0.88,$0.80,$0.95,11%,07/27/2023,N,$27.57,3.17%,38.61%,-2.07%
198,KLAC,Sell to Open,06/09/2023,31,$370.00,$11.90,$11.40,$12.40,4%,07/27/2023,N,$375.75,3.17%,38.53%,-1.53%
199,ALGN,Sell to Open,06/09/2023,31,$295.00,$9.55,$9.30,$9.80,8%,07/26/2023,N,$302.74,3.15%,38.38%,-2.56%
200,AMP,Sell to Open,06/16/2023,38,$290.00,$9.25,$8.60,$9.90,23%,07/26/2023,N,$293.49,3.15%,31.09%,-1.19%
201,LYB,Sell to Open,06/16/2023,38,$90.00,$2.88,$2.75,$3.00,22%,07/28/2023,N,$91.27,3.15%,31.07%,-1.39%
202,GDXJ,Sell to Open,06/09/2023,31,$41.00,$1.32,$1.24,$1.39,12%,,N,$41.88,3.14%,38.2%,-2.1%
203,XME,Sell to Open,06/09/2023,31,$48.50,$1.52,$1.05,$2.00,0%,,N,$48.88,3.12%,37.96%,-0.78%
204,CCI,Sell to Open,06/16/2023,38,$115.00,$3.65,$3.50,$3.80,29%,07/19/2023,N,$117.05,3.12%,30.76%,-1.75%
205,GOLD,Sell to Open,06/09/2023,31,$19.50,$0.62,$0.58,$0.65,8%,08/07/2023,N,$19.78,3.11%,37.83%,-1.42%
206,A,Sell to Open,06/16/2023,38,$125.00,$3.95,$3.80,$4.10,22%,05/23/2023,Y,$127.35,3.1%,30.6%,-1.85%
207,RS,Sell to Open,06/16/2023,38,$240.00,$7.55,$7.40,$7.70,18%,07/27/2023,N,$243.18,3.1%,30.63%,-1.31%
208,NOW,Sell to Open,06/09/2023,31,$435.00,$13.70,$13.30,$14.10,3%,07/26/2023,N,$441.39,3.1%,37.76%,-1.45%
209,TOL,Sell to Open,06/09/2023,31,$64.00,$2.00,$1.80,$2.20,12%,05/23/2023,Y,$64.80,3.09%,37.55%,-1.23%
210,REMX,Sell to Open,06/16/2023,38,$82.00,$2.55,$2.45,$2.65,3%,,N,$82.85,3.08%,30.36%,-1.03%
211,STM,Sell to Open,06/16/2023,38,$41.00,$1.30,$1.25,$1.35,3%,07/27/2023,N,$42.18,3.08%,30.4%,-2.8%
212,DD,Sell to Open,06/09/2023,31,$64.00,$1.98,$1.85,$2.10,16%,08/01/2023,N,$64.27,3.07%,37.39%,-0.42%
213,WFC,Sell to Open,06/09/2023,31,$38.00,$1.17,$1.14,$1.21,40%,07/14/2023,N,$38.54,3.05%,37.09%,-1.4%
214,USO,Sell to Open,06/09/2023,31,$64.00,$1.98,$1.91,$2.05,14%,,N,$64.87,3.05%,37.14%,-1.34%
215,AER,Sell to Open,06/16/2023,38,$55.00,$1.70,$1.60,$1.80,5%,08/10/2023,N,$56.00,3.04%,29.95%,-1.79%
216,SOXX,Sell to Open,06/16/2023,38,$405.00,$12.45,$12.20,$12.70,2%,,N,$409.56,3.04%,29.99%,-1.11%
217,TAN,Sell to Open,06/09/2023,31,$68.50,$2.10,$2.00,$2.20,6%,,N,$69.25,3.03%,36.9%,-1.08%
218,MET,Sell to Open,06/09/2023,31,$52.00,$1.60,$1.45,$1.75,38%,08/02/2023,N,$52.79,3.03%,36.88%,-1.5%
219,PLD,Sell to Open,06/16/2023,38,$125.00,$3.80,$3.70,$3.90,8%,07/18/2023,N,$125.92,3.02%,29.77%,-0.73%
220,SNPS,Sell to Open,06/16/2023,38,$360.00,$11.10,$10.90,$11.30,23%,05/17/2023,Y,$366.95,3.02%,29.84%,-1.89%
221,DELL,Sell to Open,06/09/2023,31,$45.00,$1.38,$1.30,$1.45,16%,06/01/2023,Y,$45.98,2.99%,36.38%,-2.13%
222,WBA,Sell to Open,06/09/2023,31,$31.00,$0.94,$0.91,$0.97,20%,06/29/2023,N,$31.44,2.99%,36.38%,-1.4%
223,TRGP,Sell to Open,06/16/2023,38,$70.00,$2.12,$2.00,$2.25,11%,08/03/2023,N,$71.18,2.99%,29.45%,-1.66%
224,BHP,Sell to Open,06/16/2023,38,$60.00,$1.80,$1.75,$1.85,6%,08/21/2023,N,$60.48,2.98%,29.36%,-0.79%
225,BLK,Sell to Open,06/09/2023,31,$630.00,$18.90,$17.80,$20.00,19%,07/14/2023,N,$635.57,2.97%,36.18%,-0.88%
226,DE,Sell to Open,06/09/2023,31,$375.00,$11.30,$10.95,$11.65,43%,05/19/2023,Y,$381.44,2.96%,36.04%,-1.69%
227,LOW,Sell to Open,06/09/2023,31,$205.00,$6.12,$5.95,$6.30,36%,05/23/2023,Y,$207.12,2.96%,35.98%,-1.02%
228,AMT,Sell to Open,06/16/2023,38,$190.00,$5.70,$5.50,$5.90,32%,07/27/2023,N,$193.52,2.95%,29.06%,-1.82%
229,CVX,Sell to Open,06/09/2023,31,$160.00,$5.58,$5.45,$5.70,17%,07/28/2023,N,$159.12,2.95%,35.9%,0.55%
230,PGR,Sell to Open,06/16/2023,38,$135.00,$4.00,$3.90,$4.10,48%,07/14/2023,N,$135.70,2.95%,29.08%,-0.52%
231,CNQ,Sell to Open,06/16/2023,38,$55.00,$1.68,$1.60,$1.75,13%,,N,$57.03,2.94%,28.97%,-3.56%
232,WPM,Sell to Open,06/09/2023,31,$51.00,$1.52,$1.45,$1.60,23%,08/10/2023,N,$51.92,2.94%,35.74%,-1.77%
233,XRT,Sell to Open,06/09/2023,31,$61.00,$1.80,$0.31,$3.30,42%,,N,$61.36,2.94%,35.79%,-0.59%
234,SWKS,Sell to Open,06/09/2023,31,$98.00,$2.92,$2.75,$3.10,27%,,N,$99.82,2.93%,35.65%,-1.82%
235,QCOM,Sell to Open,06/09/2023,31,$104.00,$3.10,$3.00,$3.20,5%,08/02/2023,N,$105.77,2.93%,35.66%,-1.67%
236,ADBE,Sell to Open,06/09/2023,31,$340.00,$10.00,$9.75,$10.25,13%,06/15/2023,N,$342.65,2.92%,35.51%,-0.77%
237,CCJ,Sell to Open,06/09/2023,31,$28.00,$0.83,$0.79,$0.87,2%,08/02/2023,N,$28.52,2.91%,35.41%,-1.82%
238,XOM,Sell to Open,06/09/2023,31,$108.00,$3.18,$3.10,$3.25,16%,07/28/2023,N,$109.14,2.91%,35.39%,-1.04%
239,DOW,Sell to Open,06/09/2023,31,$53.00,$1.56,$1.49,$1.63,15%,07/25/2023,N,$53.67,2.91%,35.36%,-1.25%
240,DG,Sell to Open,06/09/2023,31,$220.00,$6.40,$6.20,$6.60,27%,06/01/2023,Y,$220.61,2.9%,35.3%,-0.28%
241,ALK,Sell to Open,06/16/2023,38,$42.50,$1.27,$1.20,$1.35,19%,07/20/2023,N,$43.90,2.9%,28.65%,-3.19%
242,EXP,Sell to Open,06/16/2023,38,$155.00,$4.60,$4.20,$5.00,25%,05/18/2023,Y,$158.76,2.9%,28.58%,-2.37%
243,XBI,Sell to Open,06/09/2023,31,$85.00,$2.49,$2.37,$2.61,6%,,N,$85.91,2.9%,35.26%,-1.06%
244,SSO,Sell to Open,06/09/2023,31,$49.50,$1.45,$1.35,$1.55,6%,,N,$50.19,2.89%,35.15%,-1.37%
245,NEM,Sell to Open,06/09/2023,31,$47.00,$1.39,$1.34,$1.44,16%,07/24/2023,N,$48.15,2.89%,35.12%,-2.39%
246,STX,Sell to Open,06/09/2023,31,$56.00,$1.65,$1.57,$1.73,12%,07/20/2023,N,$57.31,2.88%,35.03%,-2.29%
247,META,Sell to Open,06/09/2023,31,$230.00,$6.68,$6.60,$6.75,0%,07/26/2023,N,$233.37,2.86%,34.8%,-1.44%
248,LEN,Sell to Open,06/09/2023,31,$114.00,$3.25,$3.10,$3.40,5%,06/20/2023,N,$114.36,2.84%,34.58%,-0.31%
249,ISRG,Sell to Open,06/09/2023,31,$300.00,$8.55,$6.90,$10.20,7%,07/20/2023,N,$301.55,2.84%,34.5%,-0.51%
250,EA,Sell to Open,06/09/2023,31,$124.00,$3.55,$3.20,$3.90,36%,05/09/2023,Y,$125.41,2.83%,34.44%,-1.12%
251,FDN,Sell to Open,06/16/2023,38,$140.00,$4.00,$3.80,$4.20,2%,,N,$141.12,2.83%,27.96%,-0.79%
252,MMM,Sell to Open,06/09/2023,31,$99.00,$2.80,$2.46,$3.15,32%,07/25/2023,N,$100.80,2.78%,33.86%,-1.79%
253,AVGO,Sell to Open,06/09/2023,31,$610.00,$17.15,$16.80,$17.50,27%,06/01/2023,Y,$618.51,2.77%,33.74%,-1.38%
254,LUV,Sell to Open,06/09/2023,31,$29.00,$0.82,$0.77,$0.87,19%,07/27/2023,N,$29.63,2.77%,33.67%,-2.13%
255,SDS,Sell to Open,06/09/2023,31,$39.50,$1.10,$1.00,$1.20,6%,,N,$39.98,2.75%,33.48%,-1.2%
256,SMH,Sell to Open,06/09/2023,31,$122.50,$3.38,$3.30,$3.45,2%,,N,$123.14,2.74%,33.35%,-0.52%
257,ASML,Sell to Open,06/09/2023,31,$635.00,$17.60,$16.80,$18.40,0%,07/19/2023,N,$643.05,2.74%,33.3%,-1.25%
258,TJX,Sell to Open,06/09/2023,31,$78.00,$2.14,$2.11,$2.18,24%,05/17/2023,Y,$78.59,2.73%,33.21%,-0.75%
259,MS,Sell to Open,06/09/2023,31,$84.00,$2.30,$2.25,$2.36,22%,07/18/2023,N,$84.37,2.73%,33.24%,-0.44%
260,LVS,Sell to Open,06/09/2023,31,$61.00,$1.69,$1.61,$1.77,10%,07/19/2023,N,$62.37,2.71%,32.97%,-2.2%
261,FTNT,Sell to Open,06/16/2023,38,$65.00,$1.80,$1.75,$1.85,3%,08/02/2023,N,$66.40,2.71%,26.74%,-2.11%
262,DHI,Sell to Open,06/09/2023,31,$108.00,$2.95,$2.80,$3.10,5%,07/20/2023,N,$108.99,2.71%,32.93%,-0.91%
263,HD,Sell to Open,06/09/2023,31,$285.00,$7.85,$7.65,$8.05,38%,05/16/2023,Y,$290.58,2.7%,32.87%,-1.92%
264,KEYS,Sell to Open,06/16/2023,38,$140.00,$3.85,$3.70,$4.00,48%,05/16/2023,Y,$143.00,2.69%,26.56%,-2.1%
265,UNP,Sell to Open,06/09/2023,31,$200.00,$5.35,$5.10,$5.60,21%,07/20/2023,N,$200.59,2.67%,32.45%,-0.29%
266,ETN,Sell to Open,06/16/2023,38,$170.00,$4.55,$4.40,$4.70,18%,08/01/2023,N,$170.55,2.67%,26.32%,-0.32%
267,XHB,Sell to Open,06/09/2023,31,$71.00,$1.90,$1.06,$2.75,38%,,N,$71.32,2.67%,32.5%,-0.45%
268,NFLX,Sell to Open,06/09/2023,31,$325.00,$8.88,$8.65,$9.10,2%,07/18/2023,N,$332.14,2.67%,32.51%,-2.15%
269,LIN,Sell to Open,06/16/2023,38,$365.00,$10.05,$9.80,$10.30,13%,07/27/2023,N,$364.70,2.67%,26.37%,0.08%
270,BAC,Sell to Open,06/09/2023,31,$27.00,$0.74,$0.72,$0.75,30%,07/18/2023,N,$27.66,2.66%,32.33%,-2.39%
271,XLE,Sell to Open,06/09/2023,31,$79.50,$2.13,$2.07,$2.20,13%,,N,$80.26,2.66%,32.36%,-0.95%
272,JNPR,Sell to Open,06/09/2023,31,$29.00,$0.78,$0.65,$0.90,10%,07/25/2023,N,$29.10,2.66%,32.4%,-0.34%
273,VST,Sell to Open,06/16/2023,38,$24.00,$0.65,$0.60,$0.70,37%,05/09/2023,Y,$24.60,2.64%,26.07%,-2.44%
274,PCAR,Sell to Open,06/16/2023,38,$72.50,$1.92,$1.90,$1.95,33%,07/25/2023,N,$73.33,2.63%,25.9%,-1.13%
275,TSM,Sell to Open,06/09/2023,31,$84.00,$2.23,$2.20,$2.26,3%,07/20/2023,N,$85.06,2.62%,31.9%,-1.25%
276,ENB,Sell to Open,06/16/2023,38,$40.00,$1.20,$1.10,$1.30,14%,07/28/2023,N,$39.84,2.61%,25.75%,0.4%
277,AMZN,Sell to Open,06/09/2023,31,$105.00,$2.78,$2.70,$2.87,4%,07/27/2023,N,$106.62,2.61%,31.78%,-1.52%
278,JBL,Sell to Open,06/16/2023,38,$75.00,$2.02,$1.95,$2.10,26%,06/15/2023,Y,$77.76,2.6%,25.69%,-3.55%
279,CSCO,Sell to Open,06/09/2023,31,$46.00,$1.20,$1.17,$1.24,41%,05/17/2023,Y,$46.47,2.59%,31.55%,-1.01%
280,NEE,Sell to Open,06/16/2023,38,$75.00,$1.95,$1.90,$2.00,2%,07/20/2023,N,$75.58,2.58%,25.45%,-0.77%
281,TMO,Sell to Open,06/09/2023,31,$530.00,$13.75,$12.00,$15.50,13%,07/27/2023,N,$534.66,2.57%,31.29%,-0.87%
282,FICO,Sell to Open,06/16/2023,38,$720.00,$18.95,$18.50,$19.40,9%,08/02/2023,N,$737.24,2.57%,25.36%,-2.34%
283,CB,Sell to Open,06/16/2023,38,$200.00,$5.15,$4.90,$5.40,23%,07/25/2023,N,$201.48,2.56%,25.22%,-0.73%
284,WMB,Sell to Open,06/09/2023,31,$29.00,$0.75,$0.65,$0.85,24%,07/31/2023,N,$29.45,2.55%,30.98%,-1.53%
285,ITB,Sell to Open,06/09/2023,31,$75.50,$1.92,$1.80,$2.05,6%,,N,$75.99,2.53%,30.82%,-0.64%
286,VNQ,Sell to Open,06/16/2023,38,$82.00,$2.08,$2.00,$2.15,25%,,N,$82.16,2.53%,24.91%,-0.19%
287,GOOGL,Sell to Open,06/09/2023,31,$106.00,$2.72,$2.52,$2.91,32%,07/25/2023,N,$107.35,2.53%,30.77%,-1.26%
288,GE,Sell to Open,06/09/2023,31,$100.00,$2.55,$2.47,$2.63,11%,07/25/2023,N,$101.00,2.52%,30.72%,-0.99%
289,NKE,Sell to Open,06/09/2023,31,$124.00,$3.15,$3.05,$3.25,9%,06/26/2023,N,$125.10,2.52%,30.64%,-0.88%
290,RIO,Sell to Open,06/16/2023,38,$62.50,$1.60,$1.55,$1.65,10%,07/26/2023,N,$63.84,2.51%,24.72%,-2.1%
291,CAT,Sell to Open,06/09/2023,31,$210.00,$5.35,$5.15,$5.55,22%,08/01/2023,N,$213.49,2.51%,30.49%,-1.63%
292,ANET,Sell to Open,06/09/2023,31,$135.00,$3.45,$3.30,$3.60,5%,07/31/2023,N,$138.52,2.49%,30.3%,-2.54%
293,IJR,Sell to Open,06/16/2023,38,$92.00,$2.30,$2.20,$2.40,15%,,N,$92.38,2.49%,24.56%,-0.41%
294,GWW,Sell to Open,06/16/2023,38,$680.00,$17.00,$16.50,$17.50,17%,07/27/2023,N,$684.51,2.48%,24.5%,-0.66%
295,TD,Sell to Open,06/16/2023,38,$60.00,$1.50,$1.45,$1.55,32%,05/25/2023,Y,$60.79,2.47%,24.34%,-1.3%
296,IYT,Sell to Open,06/16/2023,38,$225.00,$5.60,$5.40,$5.80,8%,,N,$226.53,2.47%,24.39%,-0.68%
297,LIT,Sell to Open,06/16/2023,38,$60.00,$1.50,$1.40,$1.60,8%,,N,$60.76,2.47%,24.35%,-1.25%
298,DRI,Sell to Open,06/16/2023,38,$150.00,$3.70,$3.60,$3.80,12%,06/22/2023,N,$150.33,2.46%,24.28%,-0.22%
299,TSN,Sell to Open,06/16/2023,38,$47.50,$1.20,$1.15,$1.25,39%,,N,$48.82,2.46%,24.25%,-2.7%
300,PH,Sell to Open,06/16/2023,38,$330.00,$8.30,$8.00,$8.60,27%,08/03/2023,N,$339.11,2.45%,24.15%,-2.69%
301,DXCM,Sell to Open,06/16/2023,38,$115.00,$2.92,$2.85,$3.00,1%,07/27/2023,N,$119.65,2.44%,24.12%,-3.89%
302,SIVR,Sell to Open,06/16/2023,38,$24.00,$0.60,$0.55,$0.65,36%,,N,$24.54,2.44%,24.12%,-2.2%
303,PHM,Sell to Open,06/09/2023,31,$67.00,$1.65,$1.50,$1.80,1%,07/25/2023,N,$67.73,2.44%,29.64%,-1.08%
304,SHEL,Sell to Open,06/09/2023,31,$60.00,$1.48,$1.40,$1.55,11%,07/27/2023,N,$60.84,2.42%,29.5%,-1.38%
305,ADI,Sell to Open,06/09/2023,31,$175.00,$4.35,$4.10,$4.60,15%,05/24/2023,Y,$179.62,2.42%,29.46%,-2.57%
306,EMR,Sell to Open,06/09/2023,31,$83.00,$2.02,$1.95,$2.10,13%,08/09/2023,N,$83.65,2.42%,29.45%,-0.78%
307,LOGI,Sell to Open,06/16/2023,38,$62.50,$1.55,$1.50,$1.60,1%,07/24/2023,N,$63.93,2.42%,23.92%,-2.24%
308,NXPI,Sell to Open,06/09/2023,31,$160.00,$4.00,$3.80,$4.20,0%,07/24/2023,N,$165.09,2.42%,29.48%,-3.08%
309,ITW,Sell to Open,06/16/2023,38,$230.00,$7.25,$7.10,$7.40,26%,08/02/2023,N,$228.25,2.41%,23.77%,0.77%
310,HCA,Sell to Open,06/16/2023,38,$270.00,$6.60,$6.30,$6.90,9%,07/21/2023,N,$274.05,2.41%,23.76%,-1.48%
311,C,Sell to Open,06/02/2023,24,$46.00,$1.12,$1.10,$1.14,26%,07/14/2023,N,$46.52,2.41%,38.21%,-1.12%
312,FTV,Sell to Open,06/16/2023,38,$65.00,$2.02,$1.90,$2.15,14%,07/27/2023,N,$64.53,2.41%,23.77%,0.73%
313,GS,Sell to Open,06/09/2023,31,$320.00,$7.82,$7.55,$8.10,19%,07/18/2023,N,$324.77,2.41%,29.31%,-1.47%
314,DUK,Sell to Open,06/16/2023,38,$97.50,$2.35,$2.30,$2.40,22%,05/09/2023,Y,$98.05,2.4%,23.64%,-0.56%
315,EBAY,Sell to Open,06/09/2023,31,$45.00,$1.08,$1.02,$1.15,5%,08/02/2023,N,$45.81,2.37%,28.82%,-1.77%
316,CAH,Sell to Open,06/09/2023,31,$84.00,$2.00,$1.70,$2.30,14%,08/10/2023,N,$84.35,2.37%,28.85%,-0.41%
317,TRV,Sell to Open,06/16/2023,38,$185.00,$5.60,$5.40,$5.80,26%,07/20/2023,N,$183.75,2.37%,23.35%,0.68%
318,JETS,Sell to Open,06/09/2023,31,$18.00,$0.43,$0.41,$0.45,6%,,N,$18.18,2.37%,28.78%,-0.99%
319,ELV,Sell to Open,06/09/2023,31,$455.00,$10.85,$9.50,$12.20,21%,07/19/2023,N,$460.48,2.36%,28.67%,-1.19%
320,ALL,Sell to Open,06/16/2023,38,$115.00,$2.80,$2.65,$2.95,25%,08/02/2023,N,$118.42,2.36%,23.33%,-2.89%
321,DOV,Sell to Open,06/16/2023,38,$140.00,$3.35,$3.20,$3.50,19%,07/20/2023,N,$142.63,2.35%,23.17%,-1.84%
322,D,Sell to Open,06/16/2023,38,$55.00,$1.32,$1.25,$1.40,44%,08/07/2023,N,$56.50,2.35%,23.13%,-2.65%
323,FE,Sell to Open,06/16/2023,38,$39.00,$1.00,$0.95,$1.05,25%,08/01/2023,N,$38.91,2.34%,23.07%,0.23%
324,RTX,Sell to Open,06/09/2023,31,$96.00,$2.25,$2.17,$2.33,15%,07/25/2023,N,$96.27,2.34%,28.44%,-0.28%
325,IWN,Sell to Open,06/16/2023,38,$130.00,$3.05,$0.90,$5.20,40%,,N,$131.17,2.33%,22.94%,-0.89%
326,AME,Sell to Open,06/16/2023,38,$145.00,$3.95,$3.60,$4.30,10%,08/01/2023,N,$144.41,2.33%,22.95%,0.41%
327,GOOG,Sell to Open,06/09/2023,31,$107.00,$2.49,$1.68,$3.30,19%,07/25/2023,N,$107.94,2.31%,28.07%,-0.87%
328,NOC,Sell to Open,06/09/2023,31,$440.00,$10.10,$7.20,$13.00,11%,07/27/2023,N,$442.31,2.28%,27.78%,-0.52%
329,F,Sell to Open,06/09/2023,31,$11.50,$0.27,$0.22,$0.32,2%,07/27/2023,N,$11.86,2.28%,27.7%,-3.04%
330,BALL,Sell to Open,06/16/2023,38,$55.00,$1.30,$1.25,$1.35,7%,08/09/2023,N,$57.03,2.28%,22.49%,-3.56%
331,ATVI,Sell to Open,06/09/2023,31,$75.00,$1.72,$1.59,$1.85,33%,07/31/2023,N,$75.51,2.28%,27.71%,-0.68%
332,ADM,Sell to Open,06/09/2023,31,$74.00,$1.70,$1.55,$1.85,10%,07/25/2023,N,$75.02,2.27%,27.57%,-1.36%
333,CI,Sell to Open,06/09/2023,31,$260.00,$5.95,$5.50,$6.40,28%,08/03/2023,N,$262.79,2.26%,27.55%,-1.06%
334,MDY,Sell to Open,06/16/2023,38,$445.00,$10.10,$9.60,$10.60,15%,,N,$446.57,2.26%,22.31%,-0.35%
335,BKNG,Sell to Open,06/09/2023,31,"$2,600.00",$59.40,$54.40,$64.40,0%,08/02/2023,N,"$2,634.91",2.25%,27.43%,-1.32%
336,KR,Sell to Open,06/09/2023,31,$49.00,$1.10,$1.06,$1.15,5%,06/15/2023,N,$49.16,2.25%,27.35%,-0.33%
337,DPZ,Sell to Open,06/09/2023,31,$305.00,$6.95,$6.30,$7.60,6%,07/20/2023,N,$308.64,2.25%,27.4%,-1.18%
338,IYR,Sell to Open,06/09/2023,31,$83.50,$1.89,$1.71,$2.07,26%,,N,$84.27,2.24%,27.29%,-0.91%
339,JPM,Sell to Open,06/09/2023,31,$135.00,$3.06,$2.97,$3.15,22%,07/14/2023,N,$136.41,2.24%,27.29%,-1.03%
340,UNH,Sell to Open,06/09/2023,31,$490.00,$10.95,$10.30,$11.60,12%,07/14/2023,N,$490.38,2.23%,27.17%,-0.08%
341,WMT,Sell to Open,06/09/2023,31,$152.50,$3.38,$3.30,$3.45,32%,05/18/2023,Y,$152.98,2.21%,26.84%,-0.31%
342,VB,Sell to Open,06/16/2023,38,$183.00,$4.05,$3.80,$4.30,17%,,N,$184.63,2.19%,21.64%,-0.88%
343,TSCO,Sell to Open,06/09/2023,31,$240.00,$5.30,$4.30,$6.30,5%,07/27/2023,N,$241.71,2.19%,26.68%,-0.71%
344,HRL,Sell to Open,06/09/2023,31,$40.00,$0.88,$0.70,$1.05,38%,06/01/2023,Y,$40.16,2.18%,26.51%,-0.4%
345,BK,Sell to Open,06/16/2023,38,$40.00,$0.90,$0.85,$0.95,22%,07/13/2023,N,$41.54,2.17%,21.37%,-3.71%
346,YCS,Sell to Open,06/16/2023,38,$58.00,$1.27,$0.95,$1.60,17%,,N,$58.71,2.17%,21.42%,-1.21%
347,LLY,Sell to Open,06/09/2023,31,$425.00,$9.25,$8.50,$10.00,0%,08/08/2023,N,$428.38,2.16%,26.27%,-0.79%
348,FDX,Sell to Open,06/09/2023,31,$225.00,$4.92,$4.75,$5.10,8%,06/20/2023,N,$228.63,2.15%,26.21%,-1.59%
349,LMT,Sell to Open,06/09/2023,31,$450.00,$9.70,$9.40,$10.00,22%,07/18/2023,N,$452.04,2.15%,26.11%,-0.45%
350,VGT,Sell to Open,06/16/2023,38,$380.00,$8.25,$7.90,$8.60,1%,,N,$383.78,2.15%,21.21%,-0.98%
351,O,Sell to Open,06/16/2023,38,$62.50,$1.60,$1.50,$1.70,12%,08/03/2023,N,$62.22,2.12%,20.93%,0.45%
352,SRE,Sell to Open,06/16/2023,38,$155.00,$3.30,$3.10,$3.50,7%,08/03/2023,N,$155.71,2.12%,20.91%,-0.46%
353,SLV,Sell to Open,06/09/2023,31,$23.00,$0.50,$0.49,$0.50,30%,,N,$23.48,2.11%,25.65%,-2.04%
354,CTSH,Sell to Open,06/16/2023,38,$60.00,$1.30,$1.20,$1.40,11%,07/26/2023,N,$61.63,2.11%,20.81%,-2.64%
355,CMG,Sell to Open,06/09/2023,31,"$2,015.00",$42.90,$38.30,$47.50,0%,07/25/2023,N,"$2,032.66",2.11%,25.68%,-0.87%
356,OKE,Sell to Open,06/16/2023,38,$62.50,$1.35,$1.25,$1.45,12%,08/07/2023,N,$63.86,2.11%,20.85%,-2.13%
357,AXP,Sell to Open,06/09/2023,31,$150.00,$3.20,$3.05,$3.35,18%,07/21/2023,N,$153.38,2.09%,25.38%,-2.2%
358,GILD,Sell to Open,06/09/2023,31,$78.00,$1.64,$1.49,$1.79,44%,08/03/2023,N,$78.80,2.08%,25.32%,-1.02%
359,IWO,Sell to Open,06/16/2023,38,$220.00,$4.65,$3.70,$5.60,12%,,N,$223.85,2.08%,20.49%,-1.72%
360,BSX,Sell to Open,06/16/2023,38,$52.50,$1.10,$1.05,$1.15,14%,07/26/2023,N,$53.09,2.07%,20.44%,-1.11%
361,IGV,Sell to Open,06/16/2023,38,$290.00,$6.10,$5.90,$6.30,0%,,N,$295.26,2.07%,20.38%,-1.78%
362,SBUX,Sell to Open,06/09/2023,31,$106.00,$2.20,$2.14,$2.26,2%,08/01/2023,N,$106.71,2.06%,25.08%,-0.67%
363,BERY,Sell to Open,06/16/2023,38,$57.50,$1.23,$1.15,$1.30,21%,08/02/2023,N,$59.41,2.06%,20.34%,-3.21%
364,IWM,Sell to Open,06/09/2023,31,$172.00,$3.58,$3.54,$3.61,13%,,N,$173.53,2.06%,25.07%,-0.88%
365,VMC,Sell to Open,06/16/2023,38,$190.00,$3.95,$3.80,$4.10,0%,08/03/2023,N,$193.11,2.05%,20.18%,-1.61%
366,MSFT,Sell to Open,06/09/2023,31,$305.00,$6.25,$4.45,$8.05,0%,07/25/2023,N,$307.00,2.04%,24.77%,-0.65%
367,XLB,Sell to Open,06/09/2023,31,$78.50,$1.60,$0.60,$2.60,12%,,N,$78.68,2.03%,24.74%,-0.23%
368,ED,Sell to Open,06/16/2023,38,$97.50,$2.00,$1.95,$2.05,6%,08/03/2023,N,$98.77,2.02%,19.98%,-1.29%
369,QQQM,Sell to Open,06/16/2023,38,$131.00,$2.68,$2.55,$2.80,0%,,N,$132.32,2.02%,19.94%,-1%
370,COST,Sell to Open,06/09/2023,31,$495.00,$10.05,$9.75,$10.35,14%,05/25/2023,Y,$500.79,2.01%,24.42%,-1.16%
371,PFE,Sell to Open,06/09/2023,31,$38.00,$0.78,$0.74,$0.81,0%,07/25/2023,N,$38.48,2.01%,24.5%,-1.25%
372,VO,Sell to Open,06/16/2023,38,$205.00,$4.15,$4.00,$4.30,13%,,N,$206.11,2.01%,19.86%,-0.54%
373,SYK,Sell to Open,06/16/2023,38,$280.00,$5.65,$5.50,$5.80,0%,07/25/2023,N,$283.65,1.99%,19.65%,-1.29%
374,FISV,Sell to Open,06/09/2023,31,$118.00,$2.38,$2.10,$2.65,18%,07/25/2023,N,$119.39,1.99%,24.2%,-1.16%
375,CVS,Sell to Open,06/09/2023,31,$69.00,$1.38,$1.32,$1.45,30%,08/02/2023,N,$69.97,1.98%,24.08%,-1.39%
376,VGK,Sell to Open,06/16/2023,38,$63.00,$1.25,$1.15,$1.35,3%,,N,$63.07,1.98%,19.55%,-0.11%
377,KHC,Sell to Open,06/09/2023,31,$41.00,$0.93,$0.88,$0.98,4%,08/02/2023,N,$40.88,1.98%,24.11%,0.29%
378,IHI,Sell to Open,06/16/2023,38,$55.00,$1.10,$1.00,$1.20,9%,,N,$55.49,1.98%,19.56%,-0.88%
379,AZN,Sell to Open,06/09/2023,31,$74.00,$1.48,$1.37,$1.59,14%,07/28/2023,N,$75.08,1.97%,23.98%,-1.44%
380,UPS,Sell to Open,06/09/2023,31,$170.00,$3.40,$3.30,$3.50,10%,07/25/2023,N,$173.01,1.97%,23.91%,-1.74%
381,IWF,Sell to Open,06/16/2023,38,$245.00,$4.85,$4.60,$5.10,0%,,N,$246.44,1.97%,19.41%,-0.58%
382,XLC,Sell to Open,06/09/2023,31,$58.00,$1.15,$0.60,$1.70,6%,,N,$58.55,1.96%,23.9%,-0.94%
383,MAR,Sell to Open,06/09/2023,31,$175.00,$3.50,$3.30,$3.70,6%,08/01/2023,N,$178.99,1.96%,23.79%,-2.23%
384,SPGI,Sell to Open,06/09/2023,31,$350.00,$6.95,$6.40,$7.50,18%,08/01/2023,N,$355.27,1.96%,23.8%,-1.48%
385,IJH,Sell to Open,06/16/2023,38,$240.00,$4.75,$4.50,$5.00,12%,,N,$243.68,1.95%,19.23%,-1.51%
386,K,Sell to Open,06/16/2023,38,$70.00,$1.38,$1.30,$1.45,4%,08/03/2023,N,$70.46,1.95%,19.25%,-0.65%
387,MRK,Sell to Open,06/09/2023,31,$117.00,$2.28,$2.16,$2.40,15%,08/01/2023,N,$117.43,1.94%,23.62%,-0.37%
388,ABT,Sell to Open,06/09/2023,31,$110.00,$2.13,$2.02,$2.24,11%,07/19/2023,N,$110.25,1.93%,23.51%,-0.23%
389,TXN,Sell to Open,06/09/2023,31,$160.00,$3.15,$3.05,$3.25,7%,07/25/2023,N,$163.00,1.93%,23.51%,-1.84%
390,VUG,Sell to Open,06/16/2023,38,$250.00,$4.85,$4.60,$5.10,1%,,N,$251.67,1.93%,19.01%,-0.66%
391,BMY,Sell to Open,06/09/2023,31,$68.00,$1.31,$1.21,$1.41,10%,07/27/2023,N,$68.00,1.93%,23.44%,0%
392,AAPL,Sell to Open,06/09/2023,31,$170.00,$3.30,$3.25,$3.35,0%,08/03/2023,N,$171.77,1.92%,23.37%,-1.03%
393,ITA,Sell to Open,06/16/2023,38,$112.00,$2.15,$2.05,$2.25,6%,,N,$112.43,1.91%,18.86%,-0.38%
394,XLF,Sell to Open,06/09/2023,31,$32.00,$0.62,$0.58,$0.65,10%,,N,$32.26,1.91%,23.19%,-0.81%
395,UL,Sell to Open,06/16/2023,38,$55.00,$1.23,$1.15,$1.30,7%,07/25/2023,N,$54.82,1.91%,18.8%,0.33%
396,DVY,Sell to Open,06/16/2023,38,$112.00,$2.15,$1.90,$2.40,22%,,N,$113.17,1.9%,18.74%,-1.03%
397,HON,Sell to Open,06/09/2023,31,$195.00,$3.75,$3.50,$4.00,13%,07/27/2023,N,$197.13,1.9%,23.14%,-1.08%
398,EEM,Sell to Open,06/09/2023,31,$39.00,$0.74,$0.59,$0.89,2%,,N,$39.17,1.89%,22.99%,-0.43%
399,IWD,Sell to Open,06/16/2023,38,$151.00,$2.85,$2.60,$3.10,8%,,N,$151.39,1.88%,18.57%,-0.26%
400,AEP,Sell to Open,06/16/2023,38,$90.00,$1.70,$1.60,$1.80,13%,08/02/2023,N,$91.10,1.87%,18.41%,-1.21%
401,BIIB,Sell to Open,06/09/2023,31,$310.00,$5.85,$3.60,$8.10,2%,07/20/2023,N,$314.00,1.86%,22.67%,-1.27%
402,GSK,Sell to Open,06/09/2023,31,$36.00,$0.68,$0.55,$0.80,7%,07/26/2023,N,$36.45,1.85%,22.53%,-1.23%
403,ADP,Sell to Open,06/09/2023,31,$210.00,$3.90,$3.50,$4.30,8%,07/26/2023,N,$213.66,1.83%,22.21%,-1.71%
404,SO,Sell to Open,06/09/2023,31,$74.00,$1.35,$1.20,$1.50,8%,07/27/2023,N,$74.69,1.81%,21.99%,-0.92%
405,KMI,Sell to Open,06/09/2023,31,$17.00,$0.45,$0.43,$0.48,18%,07/19/2023,N,$16.85,1.81%,22.02%,0.89%
406,MA,Sell to Open,06/09/2023,31,$380.00,$6.88,$6.55,$7.20,6%,07/27/2023,N,$382.94,1.8%,21.84%,-0.77%
407,BMO,Sell to Open,06/16/2023,38,$85.00,$1.58,$1.50,$1.65,36%,05/24/2023,Y,$87.89,1.79%,17.68%,-3.29%
408,MNST,Sell to Open,06/16/2023,38,$57.50,$1.05,$1.00,$1.10,6%,08/03/2023,N,$58.69,1.79%,17.65%,-2.03%
409,REGN,Sell to Open,06/09/2023,31,$740.00,$13.40,$9.50,$17.30,7%,08/02/2023,N,$754.88,1.78%,21.6%,-1.97%
410,CMCSA,Sell to Open,06/09/2023,31,$39.00,$0.70,$0.64,$0.76,8%,07/27/2023,N,$39.62,1.77%,21.5%,-1.56%
411,ORLY,Sell to Open,06/16/2023,38,$940.00,$16.75,$16.40,$17.10,6%,07/26/2023,N,$953.46,1.76%,17.33%,-1.41%
412,IBB,Sell to Open,06/09/2023,31,$129.50,$2.30,$2.10,$2.50,7%,,N,$130.60,1.76%,21.43%,-0.84%
413,AON,Sell to Open,06/16/2023,38,$330.00,$5.85,$5.50,$6.20,5%,07/28/2023,N,$334.92,1.75%,17.23%,-1.47%
414,QQQ,Sell to Open,06/09/2023,31,$319.00,$5.61,$5.58,$5.64,0%,,N,$321.64,1.74%,21.22%,-0.82%
415,VYM,Sell to Open,06/16/2023,38,$104.00,$1.80,$1.70,$1.90,17%,,N,$104.03,1.73%,17.07%,-0.03%
416,ORCL,Sell to Open,06/09/2023,31,$95.00,$1.65,$1.57,$1.73,6%,06/12/2023,N,$96.14,1.72%,20.88%,-1.19%
417,XLU,Sell to Open,06/09/2023,31,$68.50,$1.18,$0.63,$1.73,7%,,N,$68.73,1.72%,20.89%,-0.33%
418,TMUS,Sell to Open,06/09/2023,31,$141.00,$2.45,$2.35,$2.55,1%,07/26/2023,N,$142.03,1.72%,20.99%,-0.73%
419,PAYX,Sell to Open,06/16/2023,38,$105.00,$1.85,$1.30,$2.40,11%,06/28/2023,N,$107.25,1.72%,17.02%,-2.1%
420,XLK,Sell to Open,06/09/2023,31,$148.50,$2.58,$2.31,$2.86,5%,,N,$150.00,1.72%,20.97%,-1%
421,RY,Sell to Open,06/16/2023,38,$95.00,$1.65,$1.55,$1.75,23%,05/25/2023,Y,$96.77,1.71%,16.82%,-1.83%
422,PM,Sell to Open,06/09/2023,31,$95.00,$1.62,$1.55,$1.70,16%,07/20/2023,N,$95.65,1.7%,20.67%,-0.68%
423,XLY,Sell to Open,06/09/2023,31,$146.50,$2.50,$1.71,$3.30,18%,,N,$147.65,1.7%,20.64%,-0.78%
424,FEZ,Sell to Open,06/09/2023,31,$45.50,$0.78,$0.69,$0.87,1%,,N,$45.93,1.7%,20.66%,-0.94%
425,RSP,Sell to Open,06/16/2023,38,$141.00,$2.40,$2.30,$2.50,9%,,N,$142.24,1.69%,16.64%,-0.87%
426,RACE,Sell to Open,06/09/2023,31,$290.00,$4.95,$4.50,$5.40,0%,08/02/2023,N,$294.19,1.68%,20.47%,-1.42%
427,KMB,Sell to Open,06/09/2023,31,$143.00,$2.40,$2.20,$2.60,4%,07/25/2023,N,$143.92,1.67%,20.29%,-0.64%
428,SPLG,Sell to Open,06/16/2023,38,$48.00,$0.80,$0.75,$0.85,8%,,N,$48.33,1.66%,16.33%,-0.68%
429,GIS,Sell to Open,06/16/2023,38,$90.00,$1.90,$1.85,$1.95,10%,06/28/2023,N,$89.59,1.66%,16.41%,0.46%
430,TLT,Sell to Open,06/09/2023,31,$102.50,$1.68,$1.66,$1.71,13%,,N,$103.05,1.64%,19.89%,-0.53%
431,VTI,Sell to Open,06/16/2023,38,$205.00,$4.25,$4.10,$4.40,7%,,N,$204.07,1.63%,16.05%,0.46%
432,VOO,Sell to Open,06/16/2023,38,$375.00,$6.15,$6.00,$6.30,7%,,N,$377.54,1.63%,16.07%,-0.67%
433,JNJ,Sell to Open,06/09/2023,31,$160.00,$2.62,$2.53,$2.72,0%,07/20/2023,N,$161.05,1.63%,19.83%,-0.65%
434,IYH,Sell to Open,06/16/2023,38,$280.00,$5.25,$4.60,$5.90,7%,,N,$279.29,1.63%,16.04%,0.25%
435,GD,Sell to Open,06/09/2023,31,$210.00,$3.42,$2.85,$4.00,16%,07/26/2023,N,$211.20,1.62%,19.73%,-0.57%
436,WM,Sell to Open,06/09/2023,31,$170.00,$3.22,$2.95,$3.50,3%,07/26/2023,N,$169.46,1.58%,19.28%,0.32%
437,SPYG,Sell to Open,06/16/2023,38,$55.00,$0.88,$0.80,$0.95,2%,,N,$55.83,1.57%,15.46%,-1.49%
438,AMGN,Sell to Open,06/09/2023,31,$230.00,$3.67,$2.89,$4.45,24%,08/03/2023,N,$234.43,1.57%,19.05%,-1.89%
439,IVV,Sell to Open,06/09/2023,31,$411.00,$6.50,$6.20,$6.80,6%,,N,$412.83,1.57%,19.16%,-0.44%
440,SCHD,Sell to Open,06/16/2023,38,$70.00,$1.10,$1.05,$1.15,18%,,N,$70.36,1.56%,15.42%,-0.51%
441,V,Sell to Open,06/09/2023,31,$230.00,$3.65,$3.50,$3.80,9%,07/25/2023,N,$233.26,1.56%,19.04%,-1.4%
442,CAG,Sell to Open,06/09/2023,31,$38.00,$0.78,$0.65,$0.90,14%,07/13/2023,N,$37.81,1.55%,18.82%,0.5%
443,IBM,Sell to Open,06/09/2023,31,$120.00,$1.86,$1.76,$1.97,6%,07/19/2023,N,$121.17,1.54%,18.73%,-0.97%
444,VTV,Sell to Open,06/16/2023,38,$137.00,$2.12,$2.05,$2.20,17%,,N,$137.74,1.54%,15.22%,-0.54%
445,MDLZ,Sell to Open,06/09/2023,31,$78.00,$1.30,$1.20,$1.40,5%,07/25/2023,N,$77.89,1.53%,18.59%,0.14%
446,VIG,Sell to Open,06/16/2023,38,$155.00,$2.38,$2.25,$2.50,9%,,N,$155.51,1.53%,15.07%,-0.33%
447,PPH,Sell to Open,06/16/2023,38,$79.00,$1.20,$1.10,$1.30,4%,,N,$79.28,1.51%,14.93%,-0.35%
448,CL,Sell to Open,06/16/2023,38,$80.00,$1.20,$1.15,$1.25,1%,07/28/2023,N,$80.64,1.49%,14.68%,-0.79%
449,ABBV,Sell to Open,06/09/2023,31,$145.00,$2.17,$2.09,$2.25,8%,07/28/2023,N,$146.83,1.48%,17.98%,-1.25%
450,MO,Sell to Open,06/09/2023,31,$46.00,$0.68,$0.63,$0.74,15%,08/01/2023,N,$46.44,1.48%,17.95%,-0.95%
451,SPY,Sell to Open,06/09/2023,31,$409.00,$5.90,$5.88,$5.91,7%,,N,$410.93,1.43%,17.45%,-0.47%
452,MCD,Sell to Open,06/09/2023,31,$295.00,$4.18,$3.95,$4.40,8%,07/25/2023,N,$296.66,1.41%,17.12%,-0.56%
453,VGLT,Sell to Open,06/16/2023,38,$63.00,$0.90,$0.80,$1.00,18%,,N,$63.88,1.41%,13.9%,-1.38%
454,ABC,Sell to Open,06/09/2023,31,$165.00,$2.35,$1.90,$2.80,11%,08/02/2023,N,$168.25,1.4%,16.99%,-1.93%
455,VZ,Sell to Open,06/09/2023,31,$37.00,$0.52,$0.48,$0.57,10%,07/25/2023,N,$37.57,1.4%,17%,-1.52%
456,DIA,Sell to Open,06/09/2023,31,$334.00,$4.60,$4.55,$4.65,8%,,N,$335.77,1.37%,16.67%,-0.53%
457,LNG,Sell to Open,06/09/2023,31,$145.00,$2.00,$0.80,$3.20,4%,08/03/2023,N,$149.58,1.34%,16.27%,-3.06%
458,IEFA,Sell to Open,06/16/2023,38,$67.00,$0.90,$0.85,$0.95,8%,,N,$68.80,1.31%,12.9%,-2.62%
459,IAU,Sell to Open,06/16/2023,38,$38.00,$0.50,$0.45,$0.55,9%,,N,$38.55,1.3%,12.79%,-1.43%
460,CLX,Sell to Open,06/09/2023,31,$165.00,$2.17,$1.85,$2.50,1%,08/03/2023,N,$168.13,1.29%,15.74%,-1.86%
461,XLV,Sell to Open,06/09/2023,31,$132.00,$1.69,$1.25,$2.13,12%,,N,$132.41,1.28%,15.53%,-0.31%
462,XLI,Sell to Open,06/09/2023,31,$99.00,$1.27,$0.51,$2.03,24%,,N,$99.37,1.28%,15.55%,-0.37%
463,JNK,Sell to Open,06/16/2023,38,$91.00,$1.10,$0.95,$1.25,4%,,N,$91.25,1.21%,11.89%,-0.27%
464,PG,Sell to Open,06/09/2023,31,$152.50,$1.82,$1.68,$1.95,3%,07/28/2023,N,$153.71,1.18%,14.37%,-0.79%
465,KO,Sell to Open,06/09/2023,31,$63.00,$0.72,$0.67,$0.77,9%,07/26/2023,N,$63.39,1.14%,13.82%,-0.62%
466,MBB,Sell to Open,06/16/2023,38,$94.00,$1.02,$0.95,$1.10,38%,,N,$94.16,1.09%,10.74%,-0.17%
467,FXY,Sell to Open,06/16/2023,38,$69.00,$0.85,$0.80,$0.90,8%,,N,$68.88,1.06%,10.45%,0.17%
468,TIP,Sell to Open,06/16/2023,38,$109.00,$1.14,$1.10,$1.19,42%,,N,$109.21,1.05%,10.34%,-0.19%
469,XLP,Sell to Open,06/09/2023,31,$76.50,$0.80,$0.57,$1.02,8%,,N,$76.71,1.04%,12.61%,-0.27%
470,GLD,Sell to Open,06/02/2023,24,$187.00,$1.96,$1.94,$1.99,48%,,N,$189.02,1.04%,16.5%,-1.07%
471,LQD,Sell to Open,06/09/2023,31,$107.50,$1.10,$1.04,$1.16,13%,,N,$107.72,1.02%,12.42%,-0.2%
472,FXB,Sell to Open,06/16/2023,38,$121.00,$1.15,$0.95,$1.35,0%,,N,$121.30,0.95%,9.35%,-0.25%
473,FXC,Sell to Open,06/16/2023,38,$73.00,$0.68,$0.55,$0.80,5%,,N,$73.03,0.92%,9.12%,-0.04%
474,IEI,Sell to Open,06/16/2023,38,$118.00,$1.08,$1.00,$1.15,42%,,N,$117.99,0.9%,8.9%,0.01%
475,HYG,Sell to Open,06/09/2023,31,$74.00,$0.66,$0.60,$0.72,3%,,N,$74.36,0.89%,10.8%,-0.48%
476,FXE,Sell to Open,06/16/2023,38,$101.00,$0.82,$0.75,$0.90,3%,,N,$101.19,0.82%,8.04%,-0.19%
477,FXF,Sell to Open,06/16/2023,38,$100.00,$0.82,$0.75,$0.90,17%,,N,$100.11,0.82%,8.13%,-0.11%
478,EWW,Sell to Open,05/19/2023,10,$61.00,$0.48,$0.40,$0.55,10%,,N,$61.86,0.77%,31.14%,-1.39%
479,EPD,Sell to Open,06/09/2023,31,$26.00,$0.68,$0.63,$0.72,9%,08/03/2023,N,$25.52,0.76%,9.3%,1.88%
480,UUP,Sell to Open,06/09/2023,31,$28.00,$0.34,$0.29,$0.39,0%,,N,$27.79,0.47%,5.69%,0.76%
481,ET,Sell to Open,06/09/2023,31,$11.50,$0.06,$0.04,$0.07,0%,08/02/2023,N,$12.50,0.44%,5.35%,-8%
